Emp ID,Name,DOB,SSN,State
305,Wendy Hendrix,1983-08-19,001-37-6634,Wyoming
474,Alexis Cross,1983-08-11,552-98-3694,Minnesota
571,Jeffrey Jones,1981-06-27,852-86-1822,South Dakota
372,Jessica Walsh,1976-06-01,846-99-2907,Rhode Island
559,Sherry Henderson,1991-02-15,217-07-3768,Florida
521,Jennifer Johnson,1978-02-17,283-79-3102,Oklahoma
583,Scott Ellison,1977-03-31,602-12-8653,New Hampshire
329,Denise Baldwin,1992-04-06,279-07-7350,Alabama
201,Rebecca James,1980-12-04,006-26-1514,Massachusetts
276,Sean Gonzales,1981-08-11,068-74-8838,Missouri
592,Mary Chavez,1990-04-27,809-22-2834,Pennsylvania
124,Ralph Martinez,1980-02-26,824-09-4024,Washington
133,Thomas Stone,1973-03-29,220-15-8227,Delaware
314,Christopher Anderson,1974-07-01,726-98-1835,North Carolina
562,Allison Garcia,1983-02-08,441-64-0105,Louisiana
125,Charles Hall,1982-09-15,691-66-7617,Pennsylvania
625,Lawrence Roach,1991-04-03,032-09-2080,Kentucky
312,Christopher Dougherty,1978-03-29,344-71-0986,Alabama
90,William Small,1990-08-05,454-32-0642,Colorado
236,Samuel May,1988-03-30,091-15-0970,New Jersey
601,Brian Lopez,1990-02-13,727-03-7558,Delaware
326,Amanda Clark,1991-07-23,601-64-5043,Minnesota
264,Cody Taylor,1978-11-13,769-71-3700,South Dakota
248,Sherry Love,1975-03-24,166-29-8685,Oregon
485,Christine Stone,1978-11-07,727-79-6503,Kansas
54,Kristy Diaz,1988-03-26,779-76-1032,Iowa
2,Amy Long,1982-07-19,791-29-7292,Florida
298,Haley Myers,1985-03-20,357-51-0757,Maryland
99,Michael Holden,1975-07-23,637-01-7951,Indiana
186,Kelly Ferrell,1982-01-21,017-64-2299,New Hampshire
593,Rachel Valdez,1985-05-21,288-96-0852,Utah
557,Kristine Roberson,1981-03-18,285-17-0956,Minnesota
375,Vincent Watson,1974-12-15,626-71-8997,Rhode Island
460,Elizabeth Bailey,1979-07-15,304-36-7230,Michigan
496,Mark Mcmillan,1976-07-08,737-51-2503,Michigan
487,Sheri Long,1978-06-06,711-90-5166,Ohio
469,Daniel Mccall,1987-07-12,171-75-5314,Nebraska
340,Dawn Malone,1979-04-19,501-21-2070,Tennessee
363,Evan Romero,1994-08-25,842-10-3334,New Mexico
108,Paul Adams,1992-04-19,338-94-5765,West Virginia
357,Tracy Holt,1988-10-20,558-78-1413,Alaska
293,Charles Wheeler,1972-02-11,184-38-5781,California
604,Ashley Harris,1993-08-09,105-86-7070,Illinois
7,Roberto Schmidt,1994-02-07,731-10-1763,Alabama
94,Margaret Barton,1975-10-10,381-60-0973,Idaho
227,Michelle Diaz,1993-09-25,407-79-4889,Idaho
486,Mike Duncan,1988-12-15,270-03-8115,Maryland
613,Alexandra Thomas,1994-01-12,085-40-6760,South Dakota
603,Mark Murillo,1976-09-22,069-17-9915,Michigan
332,Carol Dyer,1989-03-12,600-52-5545,Hawaii
587,Daniel Williams,1989-11-17,533-29-9146,New Hampshire
602,Sandra Suarez,1980-09-20,769-90-9548,Georgia
398,Sarah Hamilton,1976-07-20,887-03-3104,North Dakota
148,Sydney Floyd,1981-03-31,539-71-0722,Connecticut
223,Jonathan Hall,1978-07-01,695-47-6672,Nebraska
574,Jennifer Kim,1976-10-03,313-36-9504,Minnesota
588,Kenneth Sanchez,1980-10-30,214-25-8921,California
157,Joseph Carroll,1975-05-09,370-40-5984,North Dakota
175,Jennifer Arnold,1976-10-18,427-30-4368,Alabama
473,David Le,1976-08-31,010-02-5444,Michigan
29,Jeffrey Clark,1978-06-28,635-21-0316,Missouri
334,Jeffery Reed,1985-07-19,080-44-6338,New Jersey
465,Laura Kim,1974-07-26,895-19-3606,Pennsylvania
92,Derek Obrien,1990-06-29,410-87-6123,New Hampshire
470,Brooke Bishop,1980-12-18,412-08-4107,California
128,Peter Miles,1976-10-26,414-73-3367,Washington
77,Alex Owen,1987-10-07,416-16-9252,Alabama
530,Michael Fowler,1990-08-28,645-83-3995,Tennessee
270,Katherine Rose,1976-01-19,441-58-0446,Minnesota
251,Daniel Waller,1974-04-23,875-21-0011,Kentucky
277,Ronald Johnson,1973-09-19,114-71-8871,Delaware
346,Austin Gutierrez,1979-06-25,205-28-0203,Vermont
238,Brandon Chang,1984-05-14,341-89-6687,Alabama
143,Alexander Murphy,1984-05-05,775-04-0664,Utah
461,Stephanie Mendoza,1977-03-22,329-01-8308,Vermont
5,Gregory Moore,1982-02-10,870-62-6226,Massachusetts
117,Jonathan Mendoza,1989-12-30,693-61-0262,Maryland
396,Michelle Phillips,1988-09-17,844-26-2345,Oklahoma
517,Justin Morgan,1976-03-17,774-57-5133,Michigan
228,Michael Hubbard,1978-09-09,620-09-8972,Connecticut
576,Travis Little,1992-05-14,731-12-6995,Wyoming
482,Susan Kennedy,1988-12-19,617-76-4558,Maine
611,Emily Mcgrath,1973-11-10,813-34-7640,Colorado
288,Sandra Griffin,1988-11-13,499-56-6533,Nevada
322,Jessica Sullivan,1990-01-07,889-12-2665,Wyoming
93,Timothy Mendoza,1980-06-09,241-02-2367,New Mexico
631,Amanda Pearson,1979-08-15,422-17-9832,Tennessee
95,Jeffery Burnett,1984-07-28,704-38-4493,Kansas
225,Brian Williams,1986-01-12,864-23-5701,Montana
386,Randy Dorsey,1974-05-09,425-80-0360,Missouri
272,Duane Williams,1973-10-14,433-06-8818,Nevada
614,Colleen Beasley,1977-08-12,108-95-3286,Massachusetts
262,Brian Jackson,1985-12-21,265-23-9597,Pennsylvania
110,Cynthia Price,1991-10-15,883-48-6184,South Dakota
501,Donald Carter,1983-07-16,441-92-5922,Hawaii
65,Lisa Schmitt,1976-04-23,124-27-5980,Tennessee
458,Dustin Nichols,1977-06-07,515-40-9015,Nebraska
224,Jay Brown,1980-04-24,270-72-8736,Texas
160,Beth Lynch,1984-02-13,746-76-0814,Alaska
259,Mary Mitchell,1982-01-20,789-28-3602,Texas
547,Joshua Rush,1986-08-05,611-35-2710,Georgia
358,Jillian David,1973-04-11,737-64-4462,Hawaii
652,Anthony Delgado,1994-09-19,004-64-7837,Florida
49,Meghan Wilson,1988-05-18,367-27-4722,Hawaii
437,Andrea Montgomery,1991-12-03,815-88-6315,Ohio
536,Megan Gray,1972-10-12,778-23-4006,New York
636,Sarah Brooks,1991-06-27,311-24-6948,Arkansas
330,Kaylee Clark,1992-05-29,790-16-0753,Wisconsin
538,Joseph Martin,1992-04-13,030-49-5396,Arkansas
168,Donna Rose,1989-04-20,719-40-1960,Tennessee
480,Brandi Sawyer,1979-07-13,008-58-9334,Rhode Island
543,James Torres,1986-01-19,626-84-5026,Delaware
506,Jonathan Malone,1984-04-14,564-67-9942,Minnesota
80,Christine Williams,1974-08-15,527-98-1974,Minnesota
342,Christopher Young,1988-12-02,326-55-1343,Nebraska
364,David Turner,1973-02-13,087-32-7108,Illinois
64,Gregory Estes,1989-10-04,075-74-9235,Kansas
156,Shannon Vaughn,1992-12-27,808-91-2444,Arkansas
285,James Mclaughlin,1981-01-21,283-38-1088,North Carolina
79,Michael Brown,1986-01-13,132-02-9682,Ohio
170,Jennifer Crawford,1986-07-21,229-11-5861,Florida
561,Michelle Carr,1978-06-22,823-25-2759,Connecticut
617,Andrew Love,1991-05-27,648-67-9696,Ohio
515,Anna Bennett,1977-06-20,726-51-6909,Tennessee
644,William Watts,1989-10-12,304-40-6883,Minnesota
450,Cynthia Williams,1978-12-23,044-54-5994,New York
216,Bruce Miles,1982-01-21,573-82-0969,Iowa
88,Amanda Wilson,1972-05-23,724-19-0767,Nebraska
130,Joshua Riley,1983-11-08,854-49-4874,Indiana
408,Carla Torres,1987-02-23,370-68-7599,Connecticut
105,Mark Green,1977-06-14,198-33-6893,Arizona
580,Stephanie Goodwin,1986-02-25,344-89-5702,North Carolina
388,Cameron Allen,1986-01-02,136-19-8341,Idaho
316,Harold Li,1983-05-11,283-61-2966,Georgia
196,Sara Curry,1984-06-05,519-38-1678,Idaho
366,Caroline Wyatt,1979-11-12,445-50-7063,New York
331,Nicole Perez,1982-09-28,462-42-1455,Montana
63,Jacqueline Garcia,1991-01-31,295-50-8953,North Carolina
651,Alexander Wright,1979-04-18,756-79-7263,Minnesota
497,Heather Farrell,1978-01-11,310-06-0338,Massachusetts
14,Joseph Fernandez,1978-06-01,426-42-4971,Illinois
52,Timothy Chandler,1978-03-26,582-22-3897,New Mexico
456,Gregory Jackson,1973-06-06,534-49-0058,Wyoming
412,Thomas Patterson,1977-05-06,461-05-4561,Virginia
283,Timothy Suarez,1977-01-12,297-27-3073,Wisconsin
174,Jennifer Jensen,1991-03-09,887-11-4293,Georgia
509,Andrew Hogan,1990-06-08,792-16-5943,North Dakota
254,Dale Hartman,1993-10-01,432-25-9502,Maine
531,Jennifer Williams,1977-02-27,636-51-9054,Oklahoma
104,Antonio Perez,1980-02-09,389-42-4115,North Carolina
549,Joshua Hicks,1985-01-07,513-99-4786,Kansas
183,Edward Thompson,1994-08-31,079-49-8605,Ohio
612,Lee Zamora,1979-03-17,869-60-3321,Utah
492,Wyatt Rivers,1984-02-07,614-70-5135,Kentucky
27,Michelle Reeves,1972-11-23,785-63-1066,Pennsylvania
287,Joanna Hopkins,1973-04-17,040-93-2714,Massachusetts
584,Joseph Mitchell,1980-05-18,467-14-7441,Virginia
624,Ariel Ray,1972-09-11,864-09-2732,Oregon
53,Shawn Murray,1990-10-30,289-22-5217,Mississippi
206,Jose Spears,1976-03-01,853-38-2675,New Hampshire
211,Caroline Mayer,1973-05-03,003-62-2487,Wyoming
646,David Weaver,1976-08-11,757-06-2750,Maine
336,Kelly Sullivan,1988-04-12,661-66-7284,Nevada
555,Kyle Ramirez,1984-05-30,493-42-2839,Washington
560,Carrie Davis,1984-06-20,515-71-6558,Washington
203,Catherine Martinez,1990-04-28,810-79-6917,New Mexico
217,Amanda Lewis,1988-12-05,367-54-0504,Montana
371,Katherine Bailey,1994-03-04,363-30-3545,West Virginia
605,Rodney Smith,1975-05-08,618-31-3105,New Hampshire
337,Savannah Saunders,1984-05-12,465-33-2473,Iowa
381,Claudia Oneal,1987-04-01,377-73-9008,Texas
508,Roy Johnson,1984-03-30,467-51-6344,Alaska
58,Michelle Smith,1982-07-08,201-65-6834,Nevada
401,Amanda Haney,1983-04-11,590-77-9019,Iowa
163,Theresa Fletcher,1992-10-22,184-29-0535,Virginia
548,Debra Green,1988-07-20,227-39-5376,South Carolina
161,John Cox,1985-12-11,338-52-7739,Ohio
464,Beth Harris,1982-12-22,698-92-5871,Rhode Island
476,Erica Mcconnell,1981-07-01,160-88-0878,Massachusetts
208,Kimberly Johnson,1992-01-22,714-72-4304,Pennsylvania
378,Kyle Aguirre,1973-10-24,371-57-4469,Nebraska
654,Nicole English,1977-04-30,765-82-9164,Hawaii
585,Bonnie Turner,1973-04-01,074-68-0208,Maryland
621,Maurice Gillespie,1984-09-07,837-91-8509,Georgia
300,Corey Adams,1988-10-08,248-93-2578,Oregon
640,Brett Nelson,1986-06-20,084-14-3049,Maryland
297,Melody Nelson,1979-01-23,192-41-1931,Virginia
209,James Young,1980-04-12,236-57-8557,Maine
320,Robert Smith,1994-04-14,596-07-0748,Mississippi
242,Caroline Larson,1990-05-05,301-81-7178,Louisiana
258,Megan Robinson,1973-03-24,504-14-1601,West Virginia
570,Shawn Edwards,1978-01-19,767-54-4865,Louisiana
417,David Evans,1977-09-15,333-38-6773,Washington
281,Julie Price,1993-01-20,727-90-3599,Pennsylvania
436,Briana Webster,1978-02-08,272-29-3704,Pennsylvania
441,Robin Oconnor,1978-02-27,413-15-0782,New Hampshire
425,Albert Davidson,1975-01-20,207-05-9182,California
553,Mark Chen,1989-04-02,706-71-3553,Wyoming
266,Elizabeth Lynn,1992-02-25,824-09-8647,Massachusetts
40,Tracy Gonzalez,1983-11-01,073-55-4059,Wyoming
609,Patricia Fletcher,1979-06-30,843-06-2311,Rhode Island
471,Tammy Salinas,1980-12-29,840-48-3850,North Carolina
307,Roger Wright,1974-03-04,311-67-3080,Missouri
353,Kelly Castillo,1992-04-13,821-22-7622,Washington
393,Charles Kelley,1993-04-14,159-25-1133,Oklahoma
607,David Johnson,1985-06-23,002-74-9729,Delaware
483,David Cervantes,1983-01-08,415-39-0082,Washington
370,Valerie Lopez,1983-04-10,382-70-0441,Alabama
273,Sarah Hayes,1984-11-20,110-63-8195,Connecticut
141,Christina Arnold,1979-10-20,155-78-2313,New York
338,Cynthia Bennett,1973-11-26,763-92-7899,Maryland
15,Michelle Huang,1983-04-09,469-34-8363,Utah
120,Amanda Dodson,1973-03-04,203-93-6056,Kansas
75,Jeff Hawkins,1992-08-10,488-30-5606,Illinois
115,Patrick Taylor,1991-07-29,169-49-5595,Missouri
629,Elizabeth Howard,1984-11-05,060-60-2641,Arizona
299,Noah White,1977-04-30,096-79-0897,South Carolina
498,Caroline Jackson,1983-12-29,228-19-4102,Delaware
445,Andrea Wright,1978-06-15,305-24-8386,Ohio
582,Sara Smith,1983-01-02,761-28-9188,Tennessee
245,Jennifer Rodriguez,1974-04-23,264-82-2538,New Mexico
129,Deanna Terrell,1990-02-05,037-69-5743,Oklahoma
544,Kristina Summers,1989-02-17,005-91-3058,Oregon
377,Laura Mercado,1974-04-05,303-84-9514,Michigan
155,Matthew Kane,1990-11-17,236-21-9385,Pennsylvania
440,Tamara White,1980-05-20,758-53-6614,Florida
550,Samantha Thompson,1976-06-04,279-17-9230,New York
47,John Mcmillan,1983-03-02,487-50-7301,Nevada
89,Andrea Webb,1985-12-11,443-79-7815,Virginia
145,Lori Odonnell,1989-10-22,253-31-2415,Kansas
554,Ronald Huerta,1973-12-13,479-84-6058,Oklahoma
523,Chelsea Foster,1974-03-26,383-14-4094,Alaska
499,Daniel Lopez,1989-09-07,463-91-2639,Arkansas
37,Jonathan Jones,1977-01-13,835-17-7798,Minnesota
384,Jessica Gaines,1981-04-23,424-63-9332,Colorado
514,Timothy Morris,1981-06-16,644-90-2962,Wyoming
260,Donna Campbell,1993-07-14,272-12-2369,Nevada
239,Tonya Martinez,1972-09-04,758-21-7702,Iowa
420,Pamela Moore,1980-02-20,116-55-9532,New Jersey
380,Michelle Ali,1993-05-05,276-49-3823,Kansas
387,Alexander Gibson,1983-10-27,691-27-1036,Colorado
207,Jay Smith,1985-03-06,223-84-6315,Connecticut
318,Teresa Watkins,1972-07-27,888-39-5707,New York
16,Bradley Guzman,1980-05-08,169-11-2817,Wyoming
61,Rhonda Young,1979-06-03,417-54-2336,Nebraska
280,Brandon Davis,1977-07-22,787-43-1621,Arizona
13,Brandon Farmer,1980-08-10,456-81-2601,Texas
563,Barbara Murphy,1989-10-30,061-21-9225,Arkansas
569,James King,1978-04-21,780-72-1432,Alaska
575,Drew Kelly,1993-03-25,472-02-3264,Washington
319,Virginia Wise,1982-02-18,672-32-8887,Oregon
122,Mary Hernandez,1990-01-29,565-81-5268,New York
520,Ryan Russell,1975-01-06,092-91-3828,Hawaii
489,Amanda Smith,1989-08-05,572-68-3579,Delaware
136,Morgan Dunn,1980-07-13,023-57-1601,Arizona
142,Kimberly Shaw,1973-06-11,215-04-7577,Massachusetts
250,Kathleen Klein,1990-01-15,020-62-3388,New Mexico
383,Diana Meyers,1972-09-13,070-31-4296,Tennessee
650,Logan Smith,1990-03-26,561-73-0194,Minnesota
231,Tracy Martin,1975-05-03,818-01-0726,Alaska
431,Edwin Martin,1988-02-13,408-06-9168,Missouri
306,Kelly Moran,1976-07-14,729-38-0670,Nevada
151,Robert Smith,1987-01-12,038-77-2300,Idaho
519,Jane Martinez,1991-01-30,747-95-3977,Arizona
172,Denise Castillo,1983-10-10,748-58-0042,Louisiana
121,Jonathon Brock,1980-04-30,825-84-9917,Colorado
140,Amanda Franco,1994-09-24,300-85-5413,Alaska
48,Heather Robinson,1985-11-20,237-56-1929,Minnesota
282,Kathryn Stout,1987-08-24,137-83-9637,Iowa
42,Cory Hopkins,1977-03-13,272-53-9491,Alaska
247,Ryan Snyder,1982-07-14,857-30-9330,Massachusetts
59,Sara Walker,1985-08-16,024-86-5423,Nebraska
137,Daniel Garcia,1979-04-21,560-41-3001,Wisconsin
257,Paul Evans,1977-06-25,401-60-4302,Minnesota
343,Elizabeth Olson,1976-01-22,638-61-7163,Massachusetts
195,Ann Romero,1989-10-27,460-21-4046,Delaware
268,Thomas Jensen,1991-02-23,771-14-3430,Ohio
558,Brian Davila,1982-07-05,054-83-3711,Delaware
70,Donna Howard,1990-03-31,306-06-7432,Mississippi
28,Kimberly Massey,1981-01-01,769-02-4649,Missouri
132,Jeremy Cross,1987-11-22,157-72-4632,Hawaii
335,Dennis Thomas,1989-06-11,326-36-5032,Indiana
349,Kenneth Martin,1989-08-24,175-81-4681,Michigan
510,Tyler Brewer,1972-06-28,212-01-9006,Hawaii
36,Scott Brooks,1972-02-24,855-42-4958,New York
430,Derrick Fritz,1982-12-05,075-98-0071,Iowa
376,Christine Munoz,1974-11-17,018-38-0149,Missouri
226,Julie Robbins,1976-11-23,058-13-4571,Indiana
240,Rachel Cook,1982-03-03,716-85-9042,New Mexico
291,Kyle Hoffman,1984-12-25,003-43-7692,Montana
619,Nancy Nguyen,1976-07-05,847-75-3939,Virginia
424,John Wells,1993-05-25,299-24-3026,New Hampshire
212,Robert Ellison,1979-07-16,371-13-9579,Nebraska
263,Keith Robinson,1978-04-15,538-88-3579,North Carolina
443,Dennis Osborn,1973-11-15,716-62-3531,Massachusetts
26,Ronald Hays,1993-12-21,282-09-6430,Texas
491,Leslie Brown,1973-06-15,805-86-1806,New Jersey
114,Maria Chapman,1973-12-20,165-32-7300,Oklahoma
434,Melissa Torres,1981-03-22,484-34-6921,New Mexico
615,Joshua Weaver,1982-11-20,268-48-7030,Iowa
525,Crystal Martin,1993-08-29,252-45-0679,Maine
44,Sheri Ball,1991-08-04,422-21-7548,Arizona
475,Steven Ritter,1986-02-11,063-53-8004,Ohio
529,Linda Krause,1978-12-22,138-55-4382,South Dakota
83,John Myers,1989-07-25,879-93-1869,New Jersey
275,Mark White,1992-09-09,254-67-7830,Idaho
190,Diana Smith,1973-12-02,893-18-3506,Illinois
423,Karen Lyons,1990-06-09,244-19-9081,Oklahoma
581,Laura Glenn,1992-10-20,401-57-1468,Texas
177,Diana Spence,1983-09-20,802-85-4751,Massachusetts
573,Samantha Farley,1977-07-10,225-05-2351,Washington
46,Kayla Mitchell,1975-10-13,014-15-9155,Wisconsin
17,Crystal Myers,1980-12-31,497-13-6532,Ohio
101,Brooke Jones,1979-04-09,200-90-2606,Tennessee
261,John Mueller,1987-03-22,260-56-7849,Maryland
435,Karla Rosales,1983-07-10,294-95-1729,Illinois
448,Jennifer Brown,1977-08-23,234-83-0700,Massachusetts
597,Blake Jimenez,1977-09-10,199-95-3810,Kansas
628,Michael Garcia,1980-11-05,716-14-4294,Illinois
610,Jermaine Quinn,1989-12-24,800-42-1754,California
113,Patricia Cruz,1976-04-22,214-78-3822,Indiana
235,Cameron Mcintosh,1975-02-01,781-82-8921,Nevada
21,Michelle Brewer,1988-06-10,038-84-6836,Oklahoma
362,Hannah Nolan,1978-09-15,570-46-1332,Oklahoma
368,Erica Johnson,1978-05-27,620-05-9413,Louisiana
323,Jeremy Obrien,1982-01-13,153-17-7592,Oregon
